PRAGMA foreign_keys=OFF;
BEGIN TRANSACTION;
CREATE TABLE doctrine_migration_versions (version VARCHAR(191) NOT NULL, executed_at DATETIME DEFAULT NULL, execution_time INTEGER DEFAULT NULL, PRIMARY KEY(version));
INSERT INTO doctrine_migration_versions VALUES('DoctrineMigrations\Version20230502223002','2023-05-02 22:33:19',2);
INSERT INTO doctrine_migration_versions VALUES('DoctrineMigrations\Version20230505221238','2023-05-05 22:32:17',3);
INSERT INTO doctrine_migration_versions VALUES('DoctrineMigrations\Version20230617182822','2023-06-17 18:29:29',4);
CREATE TABLE messenger_messages (id INTEGER PRIMARY KEY AUTOINCREMENT NOT NULL, body CLOB NOT NULL, headers CLOB NOT NULL, queue_name VARCHAR(190) NOT NULL, created_at DATETIME NOT NULL, available_at DATETIME NOT NULL, delivered_at DATETIME DEFAULT NULL);
CREATE TABLE score (
    id INTEGER PRIMARY KEY AUTOINCREMENT NOT NULL,
    userid_id INTEGER NOT NULL,
    registered DATE NOT NULL DEFAULT CURRENT_TIMESTAMP,
    points INTEGER NOT NULL,
    CONSTRAINT FK_3299375158E0A285 FOREIGN KEY (userid_id) REFERENCES user (id) NOT DEFERRABLE INITIALLY IMMEDIATE
);
INSERT INTO score VALUES(1,4,'2023-06-23',112);
INSERT INTO score VALUES(2,4,'2023-06-23',59);
INSERT INTO score VALUES(3,1,'2023-06-24',66);
INSERT INTO score VALUES(4,1,'2023-06-24',80);
CREATE TABLE IF NOT EXISTS "transaction" (
    id INTEGER PRIMARY KEY AUTOINCREMENT NOT NULL,
    userid_id INTEGER NOT NULL,
    registered DATE NOT NULL DEFAULT CURRENT_TIMESTAMP,
    descr VARCHAR(100) NOT NULL, amount INTEGER NOT NULL, CONSTRAINT FK_723705D158E0A285 FOREIGN KEY (userid_id) REFERENCES user (id) NOT DEFERRABLE INITIALLY IMMEDIATE
);
INSERT INTO "transaction" VALUES(1,1,'2023-06-18','Free registration bonus',1000);
INSERT INTO "transaction" VALUES(2,2,'2023-06-19','Free registration bonus',1000);
INSERT INTO "transaction" VALUES(3,2,'2023-06-19','Purchase',100);
INSERT INTO "transaction" VALUES(4,2,'2023-06-19','Purchase',25200);
INSERT INTO "transaction" VALUES(5,2,'2023-06-19','Purchase',100);
INSERT INTO "transaction" VALUES(6,2,'2023-06-19','Purchase',100);
INSERT INTO "transaction" VALUES(7,2,'2023-06-19','Purchase',100);
INSERT INTO "transaction" VALUES(8,2,'2023-06-19','Bet',-30);
INSERT INTO "transaction" VALUES(9,2,'2023-06-19','Bet',-30);
INSERT INTO "transaction" VALUES(10,2,'2023-06-19','Bet',-30);
INSERT INTO "transaction" VALUES(11,2,'2023-06-19','Bet',-500);
INSERT INTO "transaction" VALUES(12,2,'2023-06-19','Bet',-30);
INSERT INTO "transaction" VALUES(13,2,'2023-06-19','Bet',-30);
INSERT INTO "transaction" VALUES(14,1,'2023-06-20','Bet',-30);
INSERT INTO "transaction" VALUES(15,1,'2023-06-20','Bet',-30);
INSERT INTO "transaction" VALUES(16,1,'2023-06-20','Bet',-30);
INSERT INTO "transaction" VALUES(17,1,'2023-06-20','Bet',-30);
INSERT INTO "transaction" VALUES(18,1,'2023-06-20','Bet',-30);
INSERT INTO "transaction" VALUES(19,1,'2023-06-20','Bet',-30);
INSERT INTO "transaction" VALUES(20,1,'2023-06-20','Bet',-30);
INSERT INTO "transaction" VALUES(21,1,'2023-06-20','Bet',-30);
INSERT INTO "transaction" VALUES(22,1,'2023-06-20','Bet',-30);
INSERT INTO "transaction" VALUES(23,1,'2023-06-20','Bet',-30);
INSERT INTO "transaction" VALUES(24,1,'2023-06-20','Bet',-50);
INSERT INTO "transaction" VALUES(25,1,'2023-06-20','Bet',-30);
INSERT INTO "transaction" VALUES(26,1,'2023-06-20','Bet',-30);
INSERT INTO "transaction" VALUES(27,1,'2023-06-20','Bet',-30);
INSERT INTO "transaction" VALUES(28,1,'2023-06-20','Bet',-30);
INSERT INTO "transaction" VALUES(29,1,'2023-06-20','Bet',-30);
INSERT INTO "transaction" VALUES(30,1,'2023-06-20','Bet',-30);
INSERT INTO "transaction" VALUES(31,1,'2023-06-20','Bet',-30);
INSERT INTO "transaction" VALUES(32,1,'2023-06-20','Bet',-100);
INSERT INTO "transaction" VALUES(33,1,'2023-06-21','Bet',-30);
INSERT INTO "transaction" VALUES(34,1,'2023-06-21','Bet',-30);
INSERT INTO "transaction" VALUES(35,3,'2023-06-21','Purchase',550);
INSERT INTO "transaction" VALUES(36,4,'2023-06-21','Free registration bonus',1000);
INSERT INTO "transaction" VALUES(37,4,'2023-06-21','Purchase',100);
INSERT INTO "transaction" VALUES(38,4,'2023-06-21','Bet',-30);
INSERT INTO "transaction" VALUES(39,4,'2023-06-22','Purchase',100);
INSERT INTO "transaction" VALUES(40,4,'2023-06-22','Bet',-320);
INSERT INTO "transaction" VALUES(41,4,'2023-06-22','Bet',-30);
INSERT INTO "transaction" VALUES(42,4,'2023-06-22','Bet',-30);
INSERT INTO "transaction" VALUES(43,4,'2023-06-22','Bet',-30);
INSERT INTO "transaction" VALUES(44,4,'2023-06-22','show-suggestion cheat',-30);
INSERT INTO "transaction" VALUES(45,4,'2023-06-22','show-suggestion cheat',-30);
INSERT INTO "transaction" VALUES(46,4,'2023-06-22','show-suggestion cheat',-30);
INSERT INTO "transaction" VALUES(47,4,'2023-06-22','show-suggestion cheat',-30);
INSERT INTO "transaction" VALUES(48,4,'2023-06-22','show-suggestion cheat',-30);
INSERT INTO "transaction" VALUES(49,4,'2023-06-22','show-suggestion cheat',-30);
INSERT INTO "transaction" VALUES(50,4,'2023-06-22','show-suggestion cheat',-30);
INSERT INTO "transaction" VALUES(51,4,'2023-06-22','show-suggestion cheat',-30);
INSERT INTO "transaction" VALUES(52,4,'2023-06-22','show-suggestion cheat',-30);
INSERT INTO "transaction" VALUES(53,4,'2023-06-22','show-suggestion cheat',-30);
INSERT INTO "transaction" VALUES(54,4,'2023-06-22','show-suggestion cheat',-30);
INSERT INTO "transaction" VALUES(55,4,'2023-06-22','show-suggestion cheat',-30);
INSERT INTO "transaction" VALUES(56,4,'2023-06-22','show-suggestion cheat',-30);
INSERT INTO "transaction" VALUES(57,4,'2023-06-22','show-suggestion cheat',-30);
INSERT INTO "transaction" VALUES(58,4,'2023-06-22','show-suggestion cheat',-30);
INSERT INTO "transaction" VALUES(59,4,'2023-06-22','show-suggestion cheat',-30);
INSERT INTO "transaction" VALUES(60,4,'2023-06-22','show-suggestion cheat',-30);
INSERT INTO "transaction" VALUES(61,4,'2023-06-22','show-suggestion cheat',-30);
INSERT INTO "transaction" VALUES(62,4,'2023-06-22','show-suggestion cheat',-30);
INSERT INTO "transaction" VALUES(63,4,'2023-06-22','show-suggestion cheat',-30);
INSERT INTO "transaction" VALUES(64,4,'2023-06-22','show-suggestion cheat',-30);
INSERT INTO "transaction" VALUES(65,4,'2023-06-22','show-suggestion cheat',-30);
INSERT INTO "transaction" VALUES(66,4,'2023-06-22','move-a-card cheat',-50);
INSERT INTO "transaction" VALUES(67,4,'2023-06-22','move-a-card cheat',-50);
INSERT INTO "transaction" VALUES(68,4,'2023-06-22','Purchase',10100);
INSERT INTO "transaction" VALUES(69,4,'2023-06-22','move-a-card cheat',-50);
INSERT INTO "transaction" VALUES(70,4,'2023-06-22','move-a-card cheat',-50);
INSERT INTO "transaction" VALUES(71,4,'2023-06-22','move-a-card cheat',-50);
INSERT INTO "transaction" VALUES(72,4,'2023-06-22','move-a-card cheat',-50);
INSERT INTO "transaction" VALUES(73,4,'2023-06-22','move-a-card cheat',-50);
INSERT INTO "transaction" VALUES(74,4,'2023-06-22','move-a-card cheat',-50);
INSERT INTO "transaction" VALUES(75,4,'2023-06-22','move-a-card cheat',-50);
INSERT INTO "transaction" VALUES(76,4,'2023-06-22','move-a-card cheat',-50);
INSERT INTO "transaction" VALUES(77,4,'2023-06-22','show-suggestion cheat',-30);
INSERT INTO "transaction" VALUES(78,4,'2023-06-22','show-suggestion cheat',-30);
INSERT INTO "transaction" VALUES(79,4,'2023-06-22','return (bet + profit)',64);
INSERT INTO "transaction" VALUES(80,4,'2023-06-22','Bet',-30);
INSERT INTO "transaction" VALUES(81,4,'2023-06-22','show-suggestion cheat',-30);
INSERT INTO "transaction" VALUES(82,4,'2023-06-22','show-suggestion cheat',-30);
INSERT INTO "transaction" VALUES(83,4,'2023-06-22','show-suggestion cheat',-30);
INSERT INTO "transaction" VALUES(84,4,'2023-06-22','show-suggestion cheat',-30);
INSERT INTO "transaction" VALUES(85,4,'2023-06-22','show-suggestion cheat',-30);
INSERT INTO "transaction" VALUES(86,4,'2023-06-22','show-suggestion cheat',-30);
INSERT INTO "transaction" VALUES(87,4,'2023-06-22','show-suggestion cheat',-30);
INSERT INTO "transaction" VALUES(88,4,'2023-06-22','move-a-card cheat',-50);
INSERT INTO "transaction" VALUES(89,4,'2023-06-22','show-suggestion cheat',-30);
INSERT INTO "transaction" VALUES(90,4,'2023-06-22','show-suggestion cheat',-30);
INSERT INTO "transaction" VALUES(91,4,'2023-06-22','move-a-card cheat',-50);
INSERT INTO "transaction" VALUES(92,4,'2023-06-22','show-suggestion cheat',-30);
INSERT INTO "transaction" VALUES(93,4,'2023-06-22','show-suggestion cheat',-30);
INSERT INTO "transaction" VALUES(94,4,'2023-06-22','show-suggestion cheat',-30);
INSERT INTO "transaction" VALUES(95,4,'2023-06-22','show-suggestion cheat',-30);
INSERT INTO "transaction" VALUES(96,4,'2023-06-22','show-suggestion cheat',-30);
INSERT INTO "transaction" VALUES(97,4,'2023-06-22','show-suggestion cheat',-30);
INSERT INTO "transaction" VALUES(98,4,'2023-06-22','show-suggestion cheat',-30);
INSERT INTO "transaction" VALUES(99,4,'2023-06-22','show-suggestion cheat',-30);
INSERT INTO "transaction" VALUES(100,4,'2023-06-22','show-suggestion cheat',-30);
INSERT INTO "transaction" VALUES(101,4,'2023-06-22','show-suggestion cheat',-30);
INSERT INTO "transaction" VALUES(102,4,'2023-06-22','show-suggestion cheat',-30);
INSERT INTO "transaction" VALUES(103,4,'2023-06-22','show-suggestion cheat',-30);
INSERT INTO "transaction" VALUES(104,4,'2023-06-22','show-suggestion cheat',-30);
INSERT INTO "transaction" VALUES(105,4,'2023-06-22','show-suggestion cheat',-30);
INSERT INTO "transaction" VALUES(106,4,'2023-06-22','return (bet + profit)',98);
INSERT INTO "transaction" VALUES(107,4,'2023-06-22','Bet',-30);
INSERT INTO "transaction" VALUES(108,4,'2023-06-22','show-suggestion cheat',-30);
INSERT INTO "transaction" VALUES(109,4,'2023-06-22','move-a-card cheat',-50);
INSERT INTO "transaction" VALUES(110,4,'2023-06-22','show-suggestion cheat',-30);
INSERT INTO "transaction" VALUES(111,4,'2023-06-22','show-suggestion cheat',-30);
INSERT INTO "transaction" VALUES(112,4,'2023-06-22','show-suggestion cheat',-30);
INSERT INTO "transaction" VALUES(113,4,'2023-06-22','show-suggestion cheat',-30);
INSERT INTO "transaction" VALUES(114,4,'2023-06-22','move-a-card cheat',-50);
INSERT INTO "transaction" VALUES(115,4,'2023-06-22','show-suggestion cheat',-30);
INSERT INTO "transaction" VALUES(116,4,'2023-06-22','show-suggestion cheat',-30);
INSERT INTO "transaction" VALUES(117,4,'2023-06-22','show-suggestion cheat',-30);
INSERT INTO "transaction" VALUES(118,4,'2023-06-22','show-suggestion cheat',-30);
INSERT INTO "transaction" VALUES(119,4,'2023-06-22','show-suggestion cheat',-30);
INSERT INTO "transaction" VALUES(120,4,'2023-06-22','move-a-card cheat',-50);
INSERT INTO "transaction" VALUES(121,4,'2023-06-22','show-suggestion cheat',-30);
INSERT INTO "transaction" VALUES(122,4,'2023-06-22','undo last round cheat',-10);
INSERT INTO "transaction" VALUES(123,4,'2023-06-22','undo last round cheat',-10);
INSERT INTO "transaction" VALUES(124,4,'2023-06-22','undo last round cheat',-10);
INSERT INTO "transaction" VALUES(125,4,'2023-06-22','undo last round cheat',-10);
INSERT INTO "transaction" VALUES(126,4,'2023-06-22','move-a-card cheat',-50);
INSERT INTO "transaction" VALUES(127,4,'2023-06-22','show-suggestion cheat',-30);
INSERT INTO "transaction" VALUES(128,4,'2023-06-22','show-suggestion cheat',-30);
INSERT INTO "transaction" VALUES(129,4,'2023-06-22','move-a-card cheat',-50);
INSERT INTO "transaction" VALUES(130,4,'2023-06-22','move-a-card cheat',-50);
INSERT INTO "transaction" VALUES(131,4,'2023-06-22','show-suggestion cheat',-30);
INSERT INTO "transaction" VALUES(132,4,'2023-06-22','undo last round cheat',-10);
INSERT INTO "transaction" VALUES(133,4,'2023-06-22','undo last round cheat',-10);
INSERT INTO "transaction" VALUES(134,4,'2023-06-22','undo last move cheat',-10);
INSERT INTO "transaction" VALUES(135,4,'2023-06-22','undo last move cheat',-10);
INSERT INTO "transaction" VALUES(136,4,'2023-06-22','undo last move cheat',-10);
INSERT INTO "transaction" VALUES(137,4,'2023-06-22','move-a-card cheat',-50);
INSERT INTO "transaction" VALUES(138,4,'2023-06-22','undo last move cheat',-10);
INSERT INTO "transaction" VALUES(139,4,'2023-06-22','undo last move cheat',-10);
INSERT INTO "transaction" VALUES(140,4,'2023-06-22','peek in deck cheat',-120);
INSERT INTO "transaction" VALUES(141,4,'2023-06-22','Bet',-30);
INSERT INTO "transaction" VALUES(142,4,'2023-06-22','peek in deck cheat',-120);
INSERT INTO "transaction" VALUES(143,4,'2023-06-22','peek in deck cheat',-120);
INSERT INTO "transaction" VALUES(144,4,'2023-06-22','peek in deck cheat',-120);
INSERT INTO "transaction" VALUES(145,4,'2023-06-22','peek in deck cheat',-120);
INSERT INTO "transaction" VALUES(146,4,'2023-06-22','peek in deck cheat',-120);
INSERT INTO "transaction" VALUES(147,4,'2023-06-22','peek in deck cheat',-120);
INSERT INTO "transaction" VALUES(148,4,'2023-06-22','peek in deck cheat',-120);
INSERT INTO "transaction" VALUES(149,4,'2023-06-22','peek in deck cheat',-120);
INSERT INTO "transaction" VALUES(150,4,'2023-06-22','peek in deck cheat',-120);
INSERT INTO "transaction" VALUES(151,4,'2023-06-22','peek in deck cheat',-120);
INSERT INTO "transaction" VALUES(152,4,'2023-06-22','peek in deck cheat',-120);
INSERT INTO "transaction" VALUES(153,4,'2023-06-22','move-a-card cheat',-50);
INSERT INTO "transaction" VALUES(154,4,'2023-06-22','show-suggestion cheat',-30);
INSERT INTO "transaction" VALUES(155,4,'2023-06-22','peek in deck cheat',-120);
INSERT INTO "transaction" VALUES(156,4,'2023-06-22','peek in deck cheat',-120);
INSERT INTO "transaction" VALUES(157,4,'2023-06-22','show-suggestion cheat',-30);
INSERT INTO "transaction" VALUES(158,4,'2023-06-22','peek in deck cheat',-120);
INSERT INTO "transaction" VALUES(159,4,'2023-06-22','Bet',-30);
INSERT INTO "transaction" VALUES(160,4,'2023-06-22','show-suggestion cheat',-30);
INSERT INTO "transaction" VALUES(161,4,'2023-06-22','show-suggestion cheat',-30);
INSERT INTO "transaction" VALUES(162,4,'2023-06-22','show-suggestion cheat',-30);
INSERT INTO "transaction" VALUES(163,4,'2023-06-22','show-suggestion cheat',-30);
INSERT INTO "transaction" VALUES(164,4,'2023-06-22','show-suggestion cheat',-30);
INSERT INTO "transaction" VALUES(165,4,'2023-06-22','show-suggestion cheat',-30);
INSERT INTO "transaction" VALUES(166,4,'2023-06-22','show-suggestion cheat',-30);
INSERT INTO "transaction" VALUES(167,4,'2023-06-22','show-suggestion cheat',-30);
INSERT INTO "transaction" VALUES(168,4,'2023-06-22','show-suggestion cheat',-30);
INSERT INTO "transaction" VALUES(169,4,'2023-06-22','show-suggestion cheat',-30);
INSERT INTO "transaction" VALUES(170,4,'2023-06-22','show-suggestion cheat',-30);
INSERT INTO "transaction" VALUES(171,4,'2023-06-23','show-suggestion cheat',-30);
INSERT INTO "transaction" VALUES(172,4,'2023-06-23','show-suggestion cheat',-30);
INSERT INTO "transaction" VALUES(173,4,'2023-06-23','show-suggestion cheat',-30);
INSERT INTO "transaction" VALUES(174,4,'2023-06-23','show-suggestion cheat',-30);
INSERT INTO "transaction" VALUES(175,4,'2023-06-23','show-suggestion cheat',-30);
INSERT INTO "transaction" VALUES(176,4,'2023-06-23','show-suggestion cheat',-30);
INSERT INTO "transaction" VALUES(177,4,'2023-06-23','show-suggestion cheat',-30);
INSERT INTO "transaction" VALUES(178,4,'2023-06-23','show-suggestion cheat',-30);
INSERT INTO "transaction" VALUES(179,4,'2023-06-23','show-suggestion cheat',-30);
INSERT INTO "transaction" VALUES(180,4,'2023-06-23','show-suggestion cheat',-30);
INSERT INTO "transaction" VALUES(181,4,'2023-06-23','show-suggestion cheat',-30);
INSERT INTO "transaction" VALUES(182,4,'2023-06-23','show-suggestion cheat',-30);
INSERT INTO "transaction" VALUES(183,4,'2023-06-23','show-suggestion cheat',-30);
INSERT INTO "transaction" VALUES(184,4,'2023-06-23','return (bet + profit)',96);
INSERT INTO "transaction" VALUES(185,4,'2023-06-23','Purchase',100);
INSERT INTO "transaction" VALUES(186,4,'2023-06-23','Bet',-30);
INSERT INTO "transaction" VALUES(187,4,'2023-06-23','peek in deck cheat',-120);
INSERT INTO "transaction" VALUES(188,4,'2023-06-23','show-suggestion cheat',-30);
INSERT INTO "transaction" VALUES(189,4,'2023-06-23','undo last move cheat',-10);
INSERT INTO "transaction" VALUES(190,4,'2023-06-23','undo last move cheat',-10);
INSERT INTO "transaction" VALUES(191,4,'2023-06-23','undo last move cheat',-10);
INSERT INTO "transaction" VALUES(192,4,'2023-06-23','move-a-card cheat',-50);
INSERT INTO "transaction" VALUES(193,4,'2023-06-23','show-suggestion cheat',-30);
INSERT INTO "transaction" VALUES(194,4,'2023-06-23','show-suggestion cheat',-30);
INSERT INTO "transaction" VALUES(195,4,'2023-06-23','show-suggestion cheat',-30);
INSERT INTO "transaction" VALUES(196,4,'2023-06-23','show-suggestion cheat',-30);
INSERT INTO "transaction" VALUES(197,4,'2023-06-23','show-suggestion cheat',-30);
INSERT INTO "transaction" VALUES(198,4,'2023-06-23','show-suggestion cheat',-30);
INSERT INTO "transaction" VALUES(199,4,'2023-06-23','show-suggestion cheat',-30);
INSERT INTO "transaction" VALUES(200,4,'2023-06-23','show-suggestion cheat',-30);
INSERT INTO "transaction" VALUES(201,4,'2023-06-23','show-suggestion cheat',-30);
INSERT INTO "transaction" VALUES(202,4,'2023-06-23','show-suggestion cheat',-30);
INSERT INTO "transaction" VALUES(203,4,'2023-06-23','show-suggestion cheat',-30);
INSERT INTO "transaction" VALUES(204,4,'2023-06-23','show-suggestion cheat',-30);
INSERT INTO "transaction" VALUES(205,4,'2023-06-23','show-suggestion cheat',-30);
INSERT INTO "transaction" VALUES(206,4,'2023-06-23','show-suggestion cheat',-30);
INSERT INTO "transaction" VALUES(207,4,'2023-06-23','show-suggestion cheat',-30);
INSERT INTO "transaction" VALUES(208,4,'2023-06-23','show-suggestion cheat',-30);
INSERT INTO "transaction" VALUES(209,4,'2023-06-23','show-suggestion cheat',-30);
INSERT INTO "transaction" VALUES(210,4,'2023-06-23','show-suggestion cheat',-30);
INSERT INTO "transaction" VALUES(211,4,'2023-06-23','show-suggestion cheat',-30);
INSERT INTO "transaction" VALUES(212,4,'2023-06-23','show-suggestion cheat',-30);
INSERT INTO "transaction" VALUES(213,4,'2023-06-23','show-suggestion cheat',-30);
INSERT INTO "transaction" VALUES(214,4,'2023-06-23','show-suggestion cheat',-30);
INSERT INTO "transaction" VALUES(215,4,'2023-06-23','show-suggestion cheat',-30);
INSERT INTO "transaction" VALUES(216,4,'2023-06-23','show-suggestion cheat',-30);
INSERT INTO "transaction" VALUES(217,4,'2023-06-23','return (bet + profit)',62);
INSERT INTO "transaction" VALUES(218,4,'2023-06-23','Bet',-30);
INSERT INTO "transaction" VALUES(219,4,'2023-06-23','show-suggestion cheat',-30);
INSERT INTO "transaction" VALUES(220,4,'2023-06-23','show-suggestion cheat',-30);
INSERT INTO "transaction" VALUES(221,4,'2023-06-23','show-suggestion cheat',-30);
INSERT INTO "transaction" VALUES(222,4,'2023-06-23','show-suggestion cheat',-30);
INSERT INTO "transaction" VALUES(223,4,'2023-06-23','show-suggestion cheat',-30);
INSERT INTO "transaction" VALUES(224,4,'2023-06-23','show-suggestion cheat',-30);
INSERT INTO "transaction" VALUES(225,4,'2023-06-23','show-suggestion cheat',-30);
INSERT INTO "transaction" VALUES(226,4,'2023-06-23','show-suggestion cheat',-30);
INSERT INTO "transaction" VALUES(227,4,'2023-06-23','show-suggestion cheat',-30);
INSERT INTO "transaction" VALUES(228,1,'2023-06-24','Bet',-30);
INSERT INTO "transaction" VALUES(229,1,'2023-06-24','show-suggestion cheat',-30);
INSERT INTO "transaction" VALUES(230,1,'2023-06-24','undo last move cheat',-10);
INSERT INTO "transaction" VALUES(231,1,'2023-06-24','undo last move cheat',-10);
INSERT INTO "transaction" VALUES(232,1,'2023-06-24','show-suggestion cheat',-30);
INSERT INTO "transaction" VALUES(233,1,'2023-06-24','undo last move cheat',-10);
INSERT INTO "transaction" VALUES(234,1,'2023-06-24','show-suggestion cheat',-30);
INSERT INTO "transaction" VALUES(235,1,'2023-06-24','show-suggestion cheat',-30);
INSERT INTO "transaction" VALUES(236,1,'2023-06-24','undo last move cheat',-10);
INSERT INTO "transaction" VALUES(237,1,'2023-06-24','show-suggestion cheat',-30);
INSERT INTO "transaction" VALUES(238,1,'2023-06-24','undo last move cheat',-10);
INSERT INTO "transaction" VALUES(239,1,'2023-06-24','show-suggestion cheat',-30);
INSERT INTO "transaction" VALUES(240,1,'2023-06-24','Purchase',100);
INSERT INTO "transaction" VALUES(241,1,'2023-06-24','Purchase',550);
INSERT INTO "transaction" VALUES(242,1,'2023-06-24','show-suggestion cheat',-30);
INSERT INTO "transaction" VALUES(243,1,'2023-06-24','show-suggestion cheat',-30);
INSERT INTO "transaction" VALUES(244,1,'2023-06-24','show-suggestion cheat',-30);
INSERT INTO "transaction" VALUES(245,1,'2023-06-24','show-suggestion cheat',-30);
INSERT INTO "transaction" VALUES(246,1,'2023-06-24','show-suggestion cheat',-30);
INSERT INTO "transaction" VALUES(247,1,'2023-06-24','show-suggestion cheat',-30);
INSERT INTO "transaction" VALUES(248,1,'2023-06-24','show-suggestion cheat',-30);
INSERT INTO "transaction" VALUES(249,1,'2023-06-24','show-suggestion cheat',-30);
INSERT INTO "transaction" VALUES(250,1,'2023-06-24','show-suggestion cheat',-30);
INSERT INTO "transaction" VALUES(251,1,'2023-06-24','show-suggestion cheat',-30);
INSERT INTO "transaction" VALUES(252,1,'2023-06-24','show-suggestion cheat',-30);
INSERT INTO "transaction" VALUES(253,1,'2023-06-24','show-suggestion cheat',-30);
INSERT INTO "transaction" VALUES(254,1,'2023-06-24','show-suggestion cheat',-30);
INSERT INTO "transaction" VALUES(255,1,'2023-06-24','show-suggestion cheat',-30);
INSERT INTO "transaction" VALUES(256,1,'2023-06-24','show-suggestion cheat',-30);
INSERT INTO "transaction" VALUES(257,1,'2023-06-24','show-suggestion cheat',-30);
INSERT INTO "transaction" VALUES(258,1,'2023-06-24','show-suggestion cheat',-30);
INSERT INTO "transaction" VALUES(259,1,'2023-06-24','show-suggestion cheat',-30);
INSERT INTO "transaction" VALUES(260,1,'2023-06-24','Purchase',10100);
INSERT INTO "transaction" VALUES(261,1,'2023-06-24','Bet',-30);
INSERT INTO "transaction" VALUES(262,1,'2023-06-24','show-suggestion cheat',-30);
INSERT INTO "transaction" VALUES(263,1,'2023-06-24','show-suggestion cheat',-30);
INSERT INTO "transaction" VALUES(264,1,'2023-06-24','show-suggestion cheat',-30);
INSERT INTO "transaction" VALUES(265,1,'2023-06-24','show-suggestion cheat',-30);
INSERT INTO "transaction" VALUES(266,1,'2023-06-24','show-suggestion cheat',-30);
INSERT INTO "transaction" VALUES(267,1,'2023-06-24','show-suggestion cheat',-30);
INSERT INTO "transaction" VALUES(268,1,'2023-06-24','show-suggestion cheat',-30);
INSERT INTO "transaction" VALUES(269,1,'2023-06-24','show-suggestion cheat',-30);
INSERT INTO "transaction" VALUES(270,1,'2023-06-24','show-suggestion cheat',-30);
INSERT INTO "transaction" VALUES(271,1,'2023-06-24','show-suggestion cheat',-30);
INSERT INTO "transaction" VALUES(272,1,'2023-06-24','show-suggestion cheat',-30);
INSERT INTO "transaction" VALUES(273,1,'2023-06-24','show-suggestion cheat',-30);
INSERT INTO "transaction" VALUES(274,1,'2023-06-24','show-suggestion cheat',-30);
INSERT INTO "transaction" VALUES(275,1,'2023-06-24','show-suggestion cheat',-30);
INSERT INTO "transaction" VALUES(276,1,'2023-06-24','show-suggestion cheat',-30);
INSERT INTO "transaction" VALUES(277,1,'2023-06-24','show-suggestion cheat',-30);
INSERT INTO "transaction" VALUES(278,1,'2023-06-24','show-suggestion cheat',-30);
INSERT INTO "transaction" VALUES(279,1,'2023-06-24','show-suggestion cheat',-30);
INSERT INTO "transaction" VALUES(280,1,'2023-06-24','undo last move cheat',-10);
INSERT INTO "transaction" VALUES(281,1,'2023-06-24','Bet',-30);
INSERT INTO "transaction" VALUES(282,1,'2023-06-24','show-suggestion cheat',-30);
INSERT INTO "transaction" VALUES(283,1,'2023-06-24','show-suggestion cheat',-30);
INSERT INTO "transaction" VALUES(284,1,'2023-06-24','show-suggestion cheat',-30);
INSERT INTO "transaction" VALUES(285,1,'2023-06-24','show-suggestion cheat',-30);
INSERT INTO "transaction" VALUES(286,1,'2023-06-24','show-suggestion cheat',-30);
INSERT INTO "transaction" VALUES(287,1,'2023-06-24','show-suggestion cheat',-30);
INSERT INTO "transaction" VALUES(288,1,'2023-06-24','show-suggestion cheat',-30);
INSERT INTO "transaction" VALUES(289,1,'2023-06-24','show-suggestion cheat',-30);
INSERT INTO "transaction" VALUES(290,1,'2023-06-24','show-suggestion cheat',-30);
INSERT INTO "transaction" VALUES(291,1,'2023-06-24','show-suggestion cheat',-30);
INSERT INTO "transaction" VALUES(292,1,'2023-06-24','show-suggestion cheat',-30);
INSERT INTO "transaction" VALUES(293,1,'2023-06-24','show-suggestion cheat',-30);
INSERT INTO "transaction" VALUES(294,1,'2023-06-24','show-suggestion cheat',-30);
INSERT INTO "transaction" VALUES(295,1,'2023-06-24','show-suggestion cheat',-30);
INSERT INTO "transaction" VALUES(296,1,'2023-06-24','show-suggestion cheat',-30);
INSERT INTO "transaction" VALUES(297,1,'2023-06-24','show-suggestion cheat',-30);
INSERT INTO "transaction" VALUES(298,1,'2023-06-24','show-suggestion cheat',-30);
INSERT INTO "transaction" VALUES(299,1,'2023-06-24','show-suggestion cheat',-30);
INSERT INTO "transaction" VALUES(300,1,'2023-06-24','show-suggestion cheat',-30);
INSERT INTO "transaction" VALUES(301,1,'2023-06-24','show-suggestion cheat',-30);
INSERT INTO "transaction" VALUES(302,1,'2023-06-24','show-suggestion cheat',-30);
INSERT INTO "transaction" VALUES(303,1,'2023-06-24','Bet',-30);
INSERT INTO "transaction" VALUES(304,1,'2023-06-24','show-suggestion cheat',-30);
INSERT INTO "transaction" VALUES(305,1,'2023-06-24','show-suggestion cheat',-30);
INSERT INTO "transaction" VALUES(306,1,'2023-06-24','show-suggestion cheat',-30);
INSERT INTO "transaction" VALUES(307,1,'2023-06-24','show-suggestion cheat',-30);
INSERT INTO "transaction" VALUES(308,1,'2023-06-24','show-suggestion cheat',-30);
INSERT INTO "transaction" VALUES(309,1,'2023-06-24','show-suggestion cheat',-30);
INSERT INTO "transaction" VALUES(310,1,'2023-06-24','show-suggestion cheat',-30);
INSERT INTO "transaction" VALUES(311,1,'2023-06-24','show-suggestion cheat',-30);
INSERT INTO "transaction" VALUES(312,1,'2023-06-24','show-suggestion cheat',-30);
INSERT INTO "transaction" VALUES(313,1,'2023-06-24','show-suggestion cheat',-30);
INSERT INTO "transaction" VALUES(314,1,'2023-06-24','show-suggestion cheat',-30);
INSERT INTO "transaction" VALUES(315,1,'2023-06-24','show-suggestion cheat',-30);
INSERT INTO "transaction" VALUES(316,1,'2023-06-24','show-suggestion cheat',-30);
INSERT INTO "transaction" VALUES(317,1,'2023-06-24','show-suggestion cheat',-30);
INSERT INTO "transaction" VALUES(318,1,'2023-06-24','show-suggestion cheat',-30);
INSERT INTO "transaction" VALUES(319,1,'2023-06-24','show-suggestion cheat',-30);
INSERT INTO "transaction" VALUES(320,1,'2023-06-24','show-suggestion cheat',-30);
INSERT INTO "transaction" VALUES(321,1,'2023-06-24','undo last move cheat',-10);
INSERT INTO "transaction" VALUES(322,1,'2023-06-24','show-suggestion cheat',-30);
INSERT INTO "transaction" VALUES(323,1,'2023-06-24','show-suggestion cheat',-30);
INSERT INTO "transaction" VALUES(324,1,'2023-06-24','show-suggestion cheat',-30);
INSERT INTO "transaction" VALUES(325,1,'2023-06-24','show-suggestion cheat',-30);
INSERT INTO "transaction" VALUES(326,1,'2023-06-24','show-suggestion cheat',-30);
INSERT INTO "transaction" VALUES(327,1,'2023-06-24','show-suggestion cheat',-30);
INSERT INTO "transaction" VALUES(328,1,'2023-06-24','show-suggestion cheat',-30);
INSERT INTO "transaction" VALUES(329,1,'2023-06-24','show-suggestion cheat',-30);
INSERT INTO "transaction" VALUES(330,1,'2023-06-24','show-suggestion cheat',-30);
INSERT INTO "transaction" VALUES(331,1,'2023-06-24','return (bet + profit)',124);
INSERT INTO "transaction" VALUES(332,1,'2023-06-24','Bet',-30);
INSERT INTO "transaction" VALUES(333,1,'2023-06-24','show-suggestion cheat',-30);
INSERT INTO "transaction" VALUES(334,1,'2023-06-24','show-suggestion cheat',-30);
INSERT INTO "transaction" VALUES(335,1,'2023-06-24','show-suggestion cheat',-30);
INSERT INTO "transaction" VALUES(336,1,'2023-06-24','show-suggestion cheat',-30);
INSERT INTO "transaction" VALUES(337,1,'2023-06-24','peek in deck cheat',-120);
INSERT INTO "transaction" VALUES(338,1,'2023-06-24','show-suggestion cheat',-30);
INSERT INTO "transaction" VALUES(339,1,'2023-06-24','undo last move cheat',-10);
INSERT INTO "transaction" VALUES(340,1,'2023-06-24','show-suggestion cheat',-30);
INSERT INTO "transaction" VALUES(341,1,'2023-06-24','show-suggestion cheat',-30);
INSERT INTO "transaction" VALUES(342,1,'2023-06-24','show-suggestion cheat',-30);
INSERT INTO "transaction" VALUES(343,1,'2023-06-24','show-suggestion cheat',-30);
INSERT INTO "transaction" VALUES(344,1,'2023-06-24','show-suggestion cheat',-30);
INSERT INTO "transaction" VALUES(345,1,'2023-06-24','show-suggestion cheat',-30);
INSERT INTO "transaction" VALUES(346,1,'2023-06-24','show-suggestion cheat',-30);
INSERT INTO "transaction" VALUES(347,1,'2023-06-24','show-suggestion cheat',-30);
INSERT INTO "transaction" VALUES(348,1,'2023-06-24','show-suggestion cheat',-30);
INSERT INTO "transaction" VALUES(349,1,'2023-06-24','show-suggestion cheat',-30);
INSERT INTO "transaction" VALUES(350,1,'2023-06-24','show-suggestion cheat',-30);
INSERT INTO "transaction" VALUES(351,1,'2023-06-24','show-suggestion cheat',-30);
INSERT INTO "transaction" VALUES(352,1,'2023-06-24','show-suggestion cheat',-30);
INSERT INTO "transaction" VALUES(353,1,'2023-06-24','show-suggestion cheat',-30);
INSERT INTO "transaction" VALUES(354,1,'2023-06-24','show-suggestion cheat',-30);
INSERT INTO "transaction" VALUES(355,1,'2023-06-24','show-suggestion cheat',-30);
INSERT INTO "transaction" VALUES(356,1,'2023-06-24','show-suggestion cheat',-30);
INSERT INTO "transaction" VALUES(357,1,'2023-06-24','show-suggestion cheat',-30);
INSERT INTO "transaction" VALUES(358,1,'2023-06-24','show-suggestion cheat',-30);
INSERT INTO "transaction" VALUES(359,1,'2023-06-24','undo last move cheat',-10);
INSERT INTO "transaction" VALUES(360,1,'2023-06-24','move-a-card cheat',-50);
INSERT INTO "transaction" VALUES(361,1,'2023-06-24','move-a-card cheat',-50);
INSERT INTO "transaction" VALUES(362,1,'2023-06-24','move-a-card cheat',-50);
INSERT INTO "transaction" VALUES(363,1,'2023-06-24','move-a-card cheat',-50);
INSERT INTO "transaction" VALUES(364,1,'2023-06-24','move-a-card cheat',-50);
INSERT INTO "transaction" VALUES(365,1,'2023-06-24','move-a-card cheat',-50);
INSERT INTO "transaction" VALUES(366,1,'2023-06-24','move-a-card cheat',-50);
INSERT INTO "transaction" VALUES(367,1,'2023-06-24','move-a-card cheat',-50);
INSERT INTO "transaction" VALUES(368,1,'2023-06-24','move-a-card cheat',-50);
INSERT INTO "transaction" VALUES(369,1,'2023-06-24','move-a-card cheat',-50);
INSERT INTO "transaction" VALUES(370,1,'2023-06-24','move-a-card cheat',-50);
INSERT INTO "transaction" VALUES(371,1,'2023-06-24','move-a-card cheat',-50);
INSERT INTO "transaction" VALUES(372,1,'2023-06-24','show-suggestion cheat',-30);
INSERT INTO "transaction" VALUES(373,1,'2023-06-24','return (bet + profit)',112);
CREATE TABLE user (
    id INTEGER PRIMARY KEY AUTOINCREMENT NOT NULL,
    email VARCHAR(100) NOT NULL UNIQUE,
    acronym VARCHAR(50) NOT NULL UNIQUE,
    hash VARCHAR(100) NOT NULL
);
INSERT INTO user VALUES(1,'doe@bth.se','John Doe','$2y$10$bh4KbO6upQywlhconQZf1.0UMbpV1qnhVy3WRa7wd2/2KlsjPq.AW');
INSERT INTO user VALUES(2,'jane@bth.se','Jane Doe','$2y$10$OZogWWprAt5TiWv4hB/2be22tWjgn0X/t1h2cZFNXQ5jFxfCf6l6C');
INSERT INTO user VALUES(3,'julia@bth.se','Julia','$2y$10$Ey6yunfInifH3GqbNkfjieXW6lOnjp8t02vU7za72lhBULLigVHVq');
INSERT INTO user VALUES(4,'test@bth.se','Test Testsson','$2y$10$wLvkO4e/4BI5JXvaLufh6uostm6Q9cJFIAQxk40SaDsF2X/Lz/83a');
CREATE TABLE book (
    id INTEGER PRIMARY KEY AUTOINCREMENT NOT NULL,
    title VARCHAR(255) NOT NULL,
    isbn CHAR(13) NOT NULL UNIQUE,
    author VARCHAR(255) NOT NULL,
    img VARCHAR(255) NOT NULL
);
INSERT INTO book VALUES(1,'Python Crash Course, 3rd Edition','9781718502703','Eric Matthes','https://image.bokus.com/images/9781718502703_200x_python-crash-course-3rd-edition_haftad');
INSERT INTO book VALUES(2,'JavaScript - The Definitive Guide','9781491952023','David Flanagan','https://image.bokus.com/images/9781491952023_200x_javascript-the-definitive-guide_haftad');
INSERT INTO book VALUES(3,'Web Development with Node and Express','9781492053514','Ethan Brown','https://image.bokus.com/images/9781492053514_200x_web-development-with-node-and-express_haftad');
INSERT INTO book VALUES(4,'Databasteknik','9789144069197','Thomas Padron-Mccarthy, Tore Risch','https://image.bokus.com/images/9789144069197_200x_databasteknik');
INSERT INTO book VALUES(5,'Webbutveckling med PHP och MySQL','9789144105567','Montathar Faraon','https://image.bokus.com/images/9789144105567_200x_webbutveckling-med-php-och-mysql_haftad');
INSERT INTO book VALUES(6,'The Principles of Beautiful Web Design, 4e','9781925836363','Jason Beaird, Alex Walker','https://image.bokus.com/images/9781925836363_200x_the-principles-of-beautiful-web-design-4e_haftad');
DELETE FROM sqlite_sequence;
INSERT INTO sqlite_sequence VALUES('transaction',373);
INSERT INTO sqlite_sequence VALUES('user',4);
INSERT INTO sqlite_sequence VALUES('book',6);
INSERT INTO sqlite_sequence VALUES('score',4);
CREATE INDEX IDX_75EA56E0FB7336F0 ON messenger_messages (queue_name);
CREATE INDEX IDX_75EA56E0E3BD61CE ON messenger_messages (available_at);
CREATE INDEX IDX_75EA56E016BA31DB ON messenger_messages (delivered_at);
COMMIT;
